Year,Team,Success Score,Rank_efg_pct,Effective Field Goal Percentage,Rank_efg_pct,Opponent Effective Field Goal Percentage,Rank,Defensive Efficiency,Rank_defensive_efficiency,Average Scoring Margin,Rank_avg_scoring_margin,Win Percentage,Rank_win_percentage,Won Championship
2004,San Antonio,9.84945,1,0.475,11,0.4379999999999999,2,0.921,1,6.8,1,0.685,2,1
2004,Detroit,8.888349999999999,2,0.457,22,0.437,1,0.921,2,6.0,2,0.667,4,0
2004,Indiana,8.39885,3,0.467,16,0.4529999999999999,6,0.941,3,5.5,3,0.725,1,0
2004,Minnesota,7.2649,4,0.485,4,0.447,3,0.971,6,4.5,4,0.68,3,0
2004,Sacramento,7.162299999999999,5,0.501,1,0.479,19,1.013,20,4.4,5,0.66,6,0
2004,Dallas,6.99025,6,0.49,3,0.497,28,1.041,26,4.3,6,0.609,7,0
2004,LA Lakers,5.8483,7,0.48,7,0.4679999999999999,12,0.981,9,3.3,7,0.664,5,0
2004,Brooklyn,4.7936499999999995,8,0.469,15,0.455,7,0.949,4,2.5,8,0.581,9,0
2004,Memphis,3.9275499999999997,9,0.477,9,0.469,13,0.996,12,1.7,9,0.581,8,0
2004,Houston,3.39735,10,0.482,6,0.4479999999999999,4,0.964,5,1.3,10,0.529,10,0
2004,Denver,2.7776,11,0.466,17,0.483,23,0.997,13,0.8,11,0.506,12,0
2004,Miami,2.4273499999999997,12,0.4589999999999999,20,0.461,8,0.98,8,0.5,12,0.505,13,0
2004,Milwaukee,2.21845,13,0.475,10,0.486,25,1.024,24,0.3,13,0.483,16,0
2004,New Orleans,1.4921,14,0.457,21,0.472,16,0.99,10,-0.3,14,0.494,15,0
2004,Okla City,1.2052500000000002,15,0.501,2,0.487,26,1.046,27,-0.6,15,0.451,18,0
2004,Golden State,1.0254500000000002,16,0.475,13,0.476,17,1.01,18,-0.7,16,0.451,18,0
2004,Utah,0.4944000000000003,17,0.456,23,0.4679999999999999,11,1.0,14,-1.2,17,0.512,11,0
2004,Portland,0.40380000000000016,18,0.478,8,0.482,21,1.022,22,-1.3,18,0.5,14,0
2004,New York,-0.4656999999999998,19,0.471,14,0.4629999999999999,9,1.002,15,-2.0,19,0.454,17,0
2004,Boston,-0.73045,20,0.485,5,0.48,20,1.009,17,-2.2,20,0.419,21,0
2004,Philadelphia,-1.1376,21,0.456,24,0.467,10,0.991,11,-2.5,21,0.402,22,0
2004,Cleveland,-1.2075499999999997,22,0.451,28,0.469,15,1.01,19,-2.6,22,0.427,20,0
2004,Toronto,-1.7102999999999997,23,0.4539999999999999,25,0.449,5,0.978,7,-3.0,23,0.402,22,0
2004,Phoenix,-2.5250999999999997,24,0.475,12,0.482,22,1.024,23,-3.7,24,0.354,24,0
2004,Atlanta,-3.570899999999999,25,0.465,18,0.476,18,1.03,25,-4.6,26,0.342,25,0
2004,LA Clippers,-3.580899999999999,26,0.4529999999999999,27,0.494,27,1.05,28,-4.6,25,0.342,25,0
2004,Washington,-4.80555,27,0.4539999999999999,26,0.486,24,1.017,21,-5.6,27,0.305,27,0
2004,Chicago,-5.757949999999999,28,0.446,29,0.469,14,1.005,16,-6.4,28,0.281,28,0
2004,Orlando,-6.415099999999999,29,0.461,19,0.502,29,1.069,29,-7.0,29,0.256,29,0
2005,San Antonio,10.180299999999999,1,0.494,6,0.456,2,0.972,1,7.0,1,0.714,3,0
2005,Phoenix,9.973999999999998,2,0.536,1,0.482,14,1.048,22,6.7,2,0.732,1,0
2005,Miami,9.342,3,0.525,2,0.4579999999999999,3,1.001,5,6.2,3,0.722,2,0
2005,Dallas,7.5268999999999995,4,0.492,8,0.479,11,1.024,12,4.7,4,0.674,4,0
2005,Detroit,6.737749999999999,5,0.471,23,0.4629999999999999,5,0.978,3,4.1,5,0.645,5,1
2005,Houston,6.05035,6,0.488,11,0.462,4,0.997,4,3.5,6,0.607,7,0
2005,Okla City,4.1619,7,0.494,5,0.496,23,1.059,27,1.8,7,0.624,6,0
2005,Sacramento,4.1127,8,0.495,4,0.494,22,1.052,23,1.8,8,0.586,8,0
2005,Memphis,3.89085,9,0.491,9,0.471,7,1.008,7,1.7,9,0.523,15,0
2005,Minnesota,3.70585,10,0.489,10,0.472,8,1.033,15,1.5,10,0.537,12,0
2005,Denver,3.4667499999999998,11,0.481,15,0.482,13,1.009,8,1.3,11,0.575,9,0
2005,Chicago,2.9635499999999997,12,0.471,22,0.455,1,0.976,2,0.9,12,0.557,10,0
2005,Boston,2.90145,13,0.499,3,0.478,9,1.028,13,0.8,14,0.539,11,0
2005,Cleveland,2.8206999999999995,14,0.47,25,0.485,17,1.023,11,0.8,13,0.512,16,0
2005,Indiana,2.2641,15,0.471,24,0.47,6,1.01,9,0.3,15,0.526,14,0
2005,Washington,1.2437500000000001,16,0.473,21,0.499,27,1.04,18,-0.6,16,0.533,13,0
2005,LA Clippers,0.9366500000000001,17,0.477,17,0.48,12,1.032,14,-0.8,17,0.451,19,0
2005,Philadelphia,0.5044000000000001,18,0.475,19,0.487,18,1.013,10,-1.2,18,0.506,17,0
2005,Toronto,-0.012000000000000066,19,0.492,7,0.499,28,1.057,24,-1.6,19,0.402,23,0
2005,Brooklyn,-0.45999999999999974,20,0.461,28,0.483,15,1.004,6,-2.0,20,0.488,18,0
2005,Orlando,-0.6816499999999999,21,0.478,16,0.484,16,1.039,17,-2.2,22,0.439,20,0
2005,Golden State,-0.7225499999999997,22,0.475,20,0.491,19,1.038,16,-2.2,21,0.415,21,0
2005,New York,-0.9427999999999999,23,0.485,13,0.501,29,1.057,25,-2.4,23,0.402,23,0
2005,LA Lakers,-1.58225,24,0.485,12,0.493,21,1.077,29,-3.0,24,0.415,21,0
2005,Milwaukee,-1.6785999999999999,25,0.475,18,0.499,26,1.061,28,-3.0,25,0.366,25,0
2005,Portland,-2.8584499999999995,26,0.484,14,0.479,10,1.044,21,-4.0,26,0.329,26,0
2005,Utah,-3.241049999999999,27,0.469,26,0.499,25,1.058,26,-4.3,27,0.317,27,0
2005,Charlotte,-5.344099999999999,28,0.455,29,0.497,24,1.041,19,-6.0,28,0.22,28,0
2005,New Orleans,-6.610099999999999,29,0.446,30,0.491,20,1.043,20,-7.1,29,0.22,28,0
2005,Atlanta,-9.628249999999998,30,0.4639999999999999,27,0.513,30,1.079,30,-9.7,30,0.159,30,0
2006,San Antonio,9.32405,1,0.516,3,0.461,1,0.985,1,6.2,1,0.737,2,0
2006,Detroit,9.0717,2,0.494,10,0.48,9,1.003,6,6.0,2,0.74,1,0
2006,Dallas,8.587449999999999,3,0.492,12,0.482,11,1.019,12,5.6,3,0.705,3,0
2006,Phoenix,7.535899999999999,4,0.537,1,0.493,20,1.043,23,4.7,4,0.628,5,0
2006,Miami,6.482399999999999,5,0.519,2,0.476,8,1.012,9,3.8,5,0.648,4,1
2006,Memphis,5.3165,6,0.496,8,0.47,4,0.996,2,2.9,6,0.57,9,0
2006,LA Clippers,4.1846499999999995,7,0.491,14,0.472,5,1.012,8,1.9,7,0.575,8,0
2006,LA Lakers,4.03365,8,0.495,9,0.491,16,1.03,16,1.8,8,0.539,10,0
2006,Washington,3.8604,9,0.485,20,0.503,23,1.04,21,1.7,9,0.5,13,0
2006,Cleveland,3.7474999999999996,10,0.489,15,0.489,12,1.025,13,1.5,11,0.6,6,0
2006,Indiana,3.60985,11,0.487,18,0.465,2,0.997,3,1.5,10,0.489,15,0
2006,Brooklyn,3.2333499999999997,12,0.479,25,0.481,10,1.002,4,1.1,12,0.581,7,0
2006,Sacramento,2.85675,13,0.491,13,0.493,19,1.029,14,0.8,13,0.523,11,0
2006,Chicago,2.35145,14,0.488,16,0.467,3,1.003,5,0.4,14,0.489,15,0
2006,Denver,1.67475,15,0.482,21,0.493,18,1.018,11,-0.2,15,0.517,12,0
2006,Orlando,0.6029499999999999,16,0.496,7,0.49,14,1.043,22,-1.1,16,0.439,20,0
2006,Golden State,0.19065000000000032,17,0.479,24,0.492,17,1.03,15,-1.4,17,0.415,22,0
2006,Milwaukee,0.16475000000000006,18,0.493,11,0.506,24,1.049,24,-1.5,18,0.471,17,0
2006,Boston,0.10350000000000031,19,0.504,4,0.49,15,1.038,20,-1.5,19,0.402,24,0
2006,Houston,-0.05614999999999981,20,0.471,27,0.472,6,1.006,7,-1.6,20,0.415,22,0
2006,Minnesota,-0.39589999999999964,21,0.48,23,0.475,7,1.016,10,-1.9,21,0.402,24,0
2006,Philadelphia,-0.4181499999999997,22,0.487,17,0.5,21,1.05,25,-2.0,22,0.463,18,0
2006,Utah,-1.0945,23,0.467,28,0.49,13,1.037,18,-2.6,23,0.5,13,0
2006,New Orleans,-1.3837499999999996,24,0.4639999999999999,30,0.502,22,1.038,19,-2.8,24,0.463,18,0
2006,Okla City,-1.5474499999999998,25,0.504,5,0.527,29,1.107,30,-3.0,26,0.427,21,0
2006,Toronto,-1.6854499999999997,26,0.5,6,0.53,30,1.094,29,-3.0,25,0.329,26,0
2006,Charlotte,-2.94995,27,0.4639999999999999,29,0.514,28,1.035,17,-4.0,27,0.317,27,0
2006,Atlanta,-3.7812499999999996,28,0.486,19,0.513,27,1.082,27,-4.8,28,0.317,27,0
2006,New York,-5.674049999999999,29,0.481,22,0.511,26,1.076,26,-6.4,29,0.281,29,0
2006,Portland,-9.2571,30,0.474,26,0.507,25,1.087,28,-9.5,30,0.256,30,0
2007,San Antonio,10.7889,1,0.519,2,0.471,2,0.978,2,7.5,1,0.726,2,1
2007,Phoenix,10.294599999999999,2,0.5479999999999999,1,0.492,12,1.038,16,7.0,2,0.72,3,0
2007,Dallas,9.4909,3,0.506,5,0.481,7,1.011,6,6.3,3,0.784,1,0
2007,Chicago,7.261599999999999,4,0.491,18,0.473,3,0.971,1,4.6,4,0.598,8,0
2007,Houston,6.852,5,0.496,15,0.466,1,0.981,3,4.2,5,0.618,5,0
2007,Detroit,6.66055,6,0.485,21,0.475,4,1.007,5,4.0,6,0.643,4,0
2007,Cleveland,6.0161,7,0.479,26,0.476,5,0.991,4,3.5,7,0.608,6,0
2007,Utah,4.9185,8,0.499,13,0.497,13,1.034,13,2.5,8,0.606,7,0
2007,Denver,3.32345,9,0.498,14,0.498,14,1.027,10,1.2,9,0.529,10,0
2007,Toronto,2.67105,10,0.502,10,0.504,22,1.033,12,0.6,10,0.557,9,0
2007,Orlando,2.22455,11,0.5,11,0.48,6,1.016,7,0.3,11,0.465,18,0
2007,Golden State,1.83505,12,0.513,3,0.504,23,1.045,20,-0.1,12,0.505,12,0
2007,Brooklyn,1.4731,13,0.503,9,0.486,9,1.029,11,-0.4,13,0.5,13,0
2007,LA Clippers,1.3115999999999999,14,0.481,23,0.488,10,1.026,9,-0.5,14,0.488,15,0
2007,LA Lakers,1.1456,15,0.509,4,0.502,19,1.057,24,-0.7,15,0.494,14,0
2007,Washington,0.8760500000000001,16,0.489,20,0.516,28,1.073,27,-0.9,16,0.477,16,0
2007,Miami,0.3470000000000002,17,0.505,6,0.485,8,1.034,14,-1.4,17,0.512,11,0
2007,New Orleans,0.030200000000000005,18,0.479,27,0.499,16,1.036,15,-1.6,18,0.476,17,0
2007,Sacramento,-0.2716999999999999,19,0.491,17,0.513,26,1.048,22,-1.8,19,0.402,21,0
2007,Indiana,-0.9581499999999996,20,0.474,29,0.491,11,1.024,8,-2.4,20,0.427,19,0
2007,New York,-1.4962999999999995,21,0.494,16,0.504,24,1.068,26,-2.9,21,0.402,21,0
2007,Okla City,-1.5245999999999995,22,0.499,12,0.515,27,1.073,28,-2.9,22,0.378,26,0
2007,Philadelphia,-1.6347499999999997,23,0.48,25,0.501,18,1.038,17,-3.0,23,0.427,19,0
2007,Boston,-2.2499499999999997,24,0.479,28,0.502,20,1.039,18,-3.4,24,0.293,29,0
2007,Minnesota,-2.4537,25,0.49,19,0.498,15,1.048,21,-3.7,25,0.39,24,0
2007,Charlotte,-2.4608,26,0.48,24,0.5,17,1.043,19,-3.7,26,0.402,21,0
2007,Portland,-3.1419999999999995,27,0.483,22,0.508,25,1.065,25,-4.3,27,0.39,24,0
2007,Milwaukee,-3.2777999999999996,28,0.504,7,0.522,29,1.085,29,-4.4,28,0.342,28,0
2007,Atlanta,-3.7724999999999995,29,0.471,30,0.503,21,1.05,23,-4.8,29,0.366,27,0
2007,Memphis,-4.167199999999999,30,0.504,8,0.529,30,1.092,30,-5.1,30,0.268,30,0
2008,Boston,12.54985,1,0.514,5,0.4589999999999999,1,0.97,1,9.0,1,0.759,1,1
2008,Detroit,9.60545,2,0.494,15,0.471,3,1.001,4,6.5,2,0.697,2,0
2008,LA Lakers,9.30555,3,0.522,3,0.483,7,1.028,5,6.2,3,0.689,3,0
2008,Utah,9.0069,4,0.522,4,0.5,15,1.036,10,6.0,4,0.638,8,0
2008,New Orleans,7.9902999999999995,5,0.51,7,0.499,14,1.032,9,5.1,5,0.67,4,0
2008,Orlando,7.8655,6,0.536,2,0.482,6,1.029,7,5.0,6,0.62,9,0
2008,Phoenix,7.468899999999999,7,0.5479999999999999,1,0.488,8,1.051,17,4.6,7,0.644,7,0
2008,Houston,6.8885000000000005,8,0.489,18,0.466,2,0.989,2,4.2,8,0.648,6,0
2008,San Antonio,6.451749999999999,9,0.502,11,0.478,5,0.998,3,3.8,9,0.657,5,0
2008,Dallas,6.4334999999999996,10,0.499,13,0.477,4,1.038,12,3.8,10,0.598,10,0
2008,Denver,5.35835,11,0.508,9,0.501,16,1.036,11,2.9,11,0.581,12,0
2008,Toronto,4.79515,12,0.509,8,0.506,22,1.047,15,2.5,12,0.483,16,0
2008,Golden State,4.58705,13,0.511,6,0.509,23,1.063,22,2.2,13,0.585,11,0
2008,Cleveland,1.95105,14,0.478,26,0.49,9,1.028,6,0.0,14,0.547,13,0
2008,Philadelphia,1.7413500000000002,15,0.479,25,0.505,21,1.03,8,-0.1,15,0.477,17,0
2008,Washington,1.36325,16,0.487,19,0.512,26,1.062,20,-0.5,16,0.511,14,0
2008,Portland,0.7901000000000001,17,0.49,17,0.491,10,1.051,16,-1.0,17,0.5,15,0
2008,Indiana,0.2533500000000001,18,0.498,14,0.498,13,1.045,14,-1.4,18,0.439,20,0
2008,Sacramento,-0.7351499999999994,19,0.503,10,0.51,25,1.066,25,-2.3,19,0.463,18,0
2008,Atlanta,-1.1208499999999997,20,0.48,24,0.501,17,1.06,18,-2.6,20,0.449,19,0
2008,Chicago,-1.7832,21,0.47,28,0.496,11,1.039,13,-3.1,21,0.402,22,0
2008,Charlotte,-3.2425999999999995,22,0.492,16,0.505,20,1.065,24,-4.4,22,0.39,23,0
2008,Brooklyn,-4.026349999999999,23,0.481,23,0.497,12,1.062,21,-5.1,23,0.415,21,0
2008,Memphis,-5.4352,24,0.5,12,0.521,29,1.086,29,-6.2,24,0.268,27,0
2008,New York,-5.906649999999999,25,0.475,27,0.518,28,1.086,28,-6.6,25,0.281,25,0
2008,Minnesota,-6.142599999999999,26,0.484,20,0.513,27,1.08,27,-6.8,26,0.268,27,0
2008,Milwaukee,-6.199949999999999,27,0.482,21,0.524,30,1.093,30,-6.9,27,0.317,24,0
2008,LA Clippers,-6.73945,28,0.465,30,0.503,19,1.06,18,-7.3,28,0.281,25,0
2008,Miami,-8.320849999999998,29,0.482,22,0.51,24,1.071,26,-8.6,29,0.183,30,0
2008,Okla City,-8.4994,30,0.467,29,0.503,18,1.064,23,-8.8,30,0.244,29,0
2009,Cleveland,12.494399999999999,1,0.517,4,0.47,1,0.994,1,8.9,1,0.792,1,0
2009,LA Lakers,10.974749999999998,2,0.512,7,0.486,6,1.013,4,7.6,2,0.771,2,1
2009,Boston,9.54575,3,0.521,2,0.473,3,1.001,3,6.4,3,0.719,3,0
2009,Orlando,8.57705,4,0.519,3,0.47,2,0.998,2,5.6,4,0.679,4,0
2009,Portland,7.393299999999999,5,0.509,8,0.5,16,1.047,13,4.6,5,0.636,6,0
2009,Denver,7.075049999999999,6,0.514,5,0.486,7,1.035,8,4.3,6,0.653,5,0
2009,Houston,5.864,7,0.5,14,0.48,4,1.014,5,3.3,7,0.632,8,0
2009,San Antonio,5.765499999999999,8,0.512,6,0.488,8,1.023,6,3.2,8,0.632,7,0
2009,Utah,4.29865,9,0.502,11,0.507,18,1.044,9,2.0,9,0.563,11,0
2009,Phoenix,4.28015,10,0.545,1,0.511,23,1.084,26,1.9,10,0.561,12,0
2009,Dallas,4.0314,11,0.506,9,0.496,11,1.059,18,1.7,11,0.598,9,0
2009,Atlanta,2.5713,12,0.498,15,0.496,10,1.049,14,0.5,12,0.548,13,0
2009,Miami,2.29795,13,0.5,13,0.499,13,1.044,10,0.3,13,0.517,14,0
2009,New Orleans,2.14015,14,0.498,16,0.5,15,1.051,16,0.1,14,0.575,10,0
2009,Philadelphia,1.32075,15,0.485,24,0.507,19,1.046,12,-0.5,15,0.489,16,0
2009,Chicago,1.2483999999999997,16,0.492,21,0.493,9,1.055,17,-0.6,16,0.494,15,0
2009,Indiana,0.62285,17,0.501,12,0.499,14,1.062,19,-1.1,18,0.439,18,0
2009,Milwaukee,0.5467500000000001,18,0.483,25,0.503,17,1.045,11,-1.1,17,0.415,20,0
2009,Detroit,0.5011000000000003,19,0.481,28,0.486,5,1.05,15,-1.2,19,0.454,17,0
2009,Charlotte,0.3302500000000002,20,0.494,19,0.498,12,1.03,7,-1.3,20,0.427,19,0
2009,Brooklyn,-0.8957499999999997,21,0.497,17,0.509,21,1.078,23,-2.4,21,0.415,20,0
2009,New York,-1.1591999999999998,22,0.503,10,0.52,28,1.079,24,-2.6,22,0.39,23,0
2009,Toronto,-1.3883999999999999,23,0.494,20,0.511,22,1.069,21,-2.8,23,0.402,22,0
2009,Golden State,-2.4376,24,0.497,18,0.508,20,1.095,28,-3.7,24,0.354,24,0
2009,Minnesota,-3.93235,25,0.482,26,0.515,27,1.081,25,-4.9,25,0.293,25,0
2009,Memphis,-4.62665,26,0.486,23,0.515,26,1.074,22,-5.5,26,0.293,25,0
2009,Okla City,-5.362849999999999,27,0.471,30,0.514,25,1.062,20,-6.1,27,0.281,27,0
2009,Washington,-6.9879,28,0.48,29,0.5329999999999999,30,1.103,29,-7.5,28,0.232,28,0
2009,Sacramento,-8.469149999999999,29,0.49,22,0.526,29,1.12,30,-8.8,29,0.207,30,0
2009,LA Clippers,-8.479899999999999,30,0.481,27,0.512,24,1.085,27,-8.8,30,0.232,28,0
2010,Orlando,11.057749999999999,1,0.535,2,0.475,1,1.003,1,7.7,1,0.719,2,0
2010,Cleveland,8.9952,2,0.531,3,0.482,2,1.018,8,5.9,2,0.72,1,0
2010,Phoenix,7.84085,3,0.544,1,0.494,12,1.073,22,4.9,3,0.653,4,0
2010,LA Lakers,7.314349999999999,4,0.497,14,0.482,3,1.017,6,4.5,4,0.695,3,1
2010,Utah,7.2669999999999995,5,0.524,4,0.495,14,1.034,11,4.5,5,0.62,7,0
2010,San Antonio,6.8660499999999995,6,0.512,8,0.485,7,1.022,9,4.2,6,0.587,12,0
2010,Denver,6.34805,7,0.509,9,0.498,15,1.047,15,3.7,7,0.625,6,0
2010,Boston,6.077449999999999,8,0.516,6,0.484,6,1.007,3,3.5,8,0.613,8,0
2010,Atlanta,5.85835,9,0.5,13,0.499,16,1.044,14,3.3,9,0.613,9,0
2010,Okla City,5.572749999999999,10,0.489,24,0.484,5,1.017,7,3.1,10,0.591,10,0
2010,Dallas,4.9766,11,0.503,12,0.495,13,1.036,12,2.5,11,0.648,5,0
2010,Portland,4.79115,12,0.497,15,0.505,18,1.047,16,2.4,12,0.591,10,0
2010,Miami,3.9249,13,0.495,17,0.482,4,1.015,5,1.7,13,0.552,13,0
2010,Milwaukee,3.43425,14,0.481,26,0.485,8,1.008,4,1.3,14,0.551,14,0
2010,Charlotte,3.0392,15,0.489,23,0.493,11,1.004,2,1.0,15,0.512,16,0
2010,Houston,1.4734000000000003,16,0.494,19,0.511,21,1.05,17,-0.4,16,0.512,15,0
2010,Memphis,0.19210000000000005,17,0.494,18,0.52,25,1.067,19,-1.5,17,0.488,17,0
2010,Toronto,-0.06919999999999982,18,0.521,5,0.513,22,1.1,30,-1.8,18,0.488,17,0
2010,Chicago,-0.5362500000000003,19,0.476,28,0.488,9,1.029,10,-2.1,19,0.483,19,0
2010,New Orleans,-0.98055,20,0.506,11,0.523,26,1.074,23,-2.5,20,0.451,20,0
2010,Indiana,-1.6469999999999998,21,0.491,21,0.49,10,1.041,13,-3.0,21,0.39,21,0
2010,Golden State,-2.3768499999999997,22,0.514,7,0.525,28,1.086,27,-3.6,22,0.317,26,0
2010,New York,-2.5688999999999993,23,0.509,10,0.526,29,1.088,29,-3.8,23,0.354,22,0
2010,Philadelphia,-2.73675,24,0.496,16,0.519,24,1.075,24,-3.9,24,0.329,24,0
2010,Sacramento,-3.45595,25,0.491,22,0.505,19,1.069,20,-4.5,25,0.301,28,0
2010,Washington,-3.7961499999999995,26,0.481,25,0.502,17,1.065,18,-4.8,26,0.317,26,0
2010,Detroit,-4.142449999999999,27,0.474,29,0.526,30,1.082,26,-5.1,27,0.329,24,0
2010,LA Clippers,-5.5809,28,0.491,20,0.509,20,1.072,21,-6.4,28,0.354,22,0
2010,Brooklyn,-8.966499999999998,29,0.4579999999999999,30,0.517,23,1.078,25,-9.1,29,0.146,30,0
2010,Minnesota,-9.47285,30,0.478,27,0.525,27,1.087,28,-9.6,30,0.183,29,0
2011,Chicago,9.95065,1,0.494,17,0.4629999999999999,1,0.969,1,6.8,1,0.725,1,0
2011,Miami,9.753599999999999,2,0.517,7,0.475,3,1.001,5,6.6,2,0.706,3,0
2011,LA Lakers,8.194749999999999,3,0.499,11,0.482,6,1.013,6,5.3,3,0.663,6,0
2011,San Antonio,8.058,4,0.523,2,0.491,11,1.024,10,5.1,5,0.716,2,0
2011,Orlando,8.0196,5,0.517,6,0.475,4,0.987,3,5.2,4,0.614,8,0
2011,Boston,7.8481,6,0.518,5,0.469,2,0.976,2,5.0,6,0.67,5,0
2011,Dallas,7.3587,7,0.523,1,0.487,9,1.022,9,4.5,7,0.706,3,1
2011,Denver,6.8822,8,0.522,3,0.499,13,1.039,16,4.2,8,0.586,9,0
2011,Okla City,6.12775,9,0.498,13,0.487,10,1.035,13,3.5,9,0.647,7,0
2011,Houston,4.5051,10,0.503,10,0.5,17,1.053,19,2.2,10,0.524,14,0
2011,Memphis,4.135599999999999,11,0.489,21,0.5,15,1.017,7,1.9,11,0.558,11,0
2011,Portland,3.2412,12,0.487,22,0.509,22,1.038,15,1.1,12,0.568,10,0
2011,Philadelphia,3.0411499999999996,13,0.492,19,0.485,8,1.021,8,1.0,13,0.483,17,0
2011,New Orleans,2.2971000000000004,14,0.493,18,0.501,18,1.026,12,0.3,15,0.546,12,0
2011,New York,2.2857,15,0.509,9,0.511,23,1.063,22,0.3,14,0.488,15,0
2011,Phoenix,0.9280000000000002,16,0.522,4,0.513,26,1.07,25,-0.9,17,0.488,16,0
2011,Milwaukee,0.8464500000000001,17,0.467,30,0.481,5,0.994,4,-0.8,16,0.427,21,0
2011,Atlanta,0.46960000000000013,18,0.497,14,0.492,12,1.036,14,-1.3,18,0.532,13,0
2011,Indiana,0.22265000000000013,19,0.483,23,0.485,7,1.025,11,-1.4,19,0.437,20,0
2011,Utah,-0.1491,20,0.498,12,0.505,20,1.063,21,-1.8,20,0.476,18,0
2011,Golden State,-0.7466499999999996,21,0.51,8,0.509,21,1.071,26,-2.3,21,0.439,19,0
2011,LA Clippers,-1.7550999999999999,22,0.496,15,0.499,14,1.05,18,-3.1,22,0.39,23,0
2011,Detroit,-2.351,23,0.495,16,0.526,30,1.081,28,-3.6,23,0.366,24,0
2011,Charlotte,-2.7871499999999996,24,0.482,25,0.5,16,1.044,17,-4.0,24,0.415,22,0
2011,Sacramento,-4.427449999999999,25,0.48,26,0.513,25,1.054,20,-5.3,25,0.293,25,0
2011,Brooklyn,-5.4434499999999995,26,0.475,27,0.503,19,1.064,23,-6.2,26,0.293,25,0
2011,Toronto,-5.555699999999999,27,0.491,20,0.522,28,1.091,30,-6.3,27,0.268,28,0
2011,Minnesota,-5.994249999999999,28,0.483,24,0.514,27,1.073,27,-6.6,28,0.207,30,0
2011,Washington,-6.852849999999999,29,0.471,29,0.512,24,1.064,24,-7.4,29,0.281,27,0
2011,Cleveland,-8.7377,30,0.472,28,0.524,29,1.083,29,-9.0,30,0.232,29,0
2012,Chicago,10.6182,1,0.487,15,0.4479999999999999,1,0.947,1,7.4,1,0.722,2,0
2012,San Antonio,10.2679,2,0.531,1,0.487,15,1.002,11,7.0,2,0.75,1,0
2012,Miami,9.22025,3,0.504,5,0.476,8,0.969,4,6.2,3,0.693,4,1
2012,Okla City,8.9534,4,0.515,2,0.469,4,1.001,10,5.9,4,0.706,3,0
2012,Philadelphia,5.670399999999999,5,0.473,22,0.46,3,0.96,3,3.3,5,0.532,13,0
2012,Indiana,5.44975,6,0.473,24,0.475,6,0.989,8,3.0,6,0.623,5,0
2012,Atlanta,5.17965,7,0.495,9,0.478,9,0.976,5,2.8,7,0.583,8,0
2012,Denver,4.9784999999999995,8,0.51,3,0.503,25,1.026,20,2.6,8,0.562,11,0
2012,Boston,4.479049999999999,9,0.49,11,0.455,2,0.953,2,2.2,9,0.581,9,0
2012,New York,4.17805,10,0.489,12,0.486,13,0.981,7,2.0,10,0.521,14,0
2012,Memphis,4.135649999999999,11,0.471,27,0.485,12,0.98,6,1.9,11,0.603,6,0
2012,LA Clippers,3.7183499999999996,12,0.502,6,0.492,20,1.019,18,1.5,12,0.571,10,0
2012,LA Lakers,2.7025999999999994,13,0.485,16,0.475,7,1.017,17,0.6,13,0.59,7,0
2012,Dallas,2.4668,14,0.487,14,0.481,10,0.995,9,0.5,14,0.514,16,0
2012,Milwaukee,2.1940999999999997,15,0.481,17,0.489,16,1.014,14,0.3,15,0.47,19,0
2012,Houston,2.14415,16,0.492,10,0.49,17,1.015,16,0.2,16,0.515,15,0
2012,Orlando,1.94625,17,0.502,7,0.487,14,1.01,13,0.0,17,0.535,12,0
2012,Phoenix,1.6936000000000002,18,0.499,8,0.491,19,1.03,25,-0.2,18,0.5,18,0
2012,Utah,1.5583999999999998,19,0.476,20,0.495,22,1.027,22,-0.3,19,0.514,16,0
2012,Portland,1.1135,20,0.488,13,0.504,26,1.027,23,-0.6,20,0.424,20,0
2012,Minnesota,-0.7572999999999999,21,0.477,18,0.491,18,1.028,24,-2.2,21,0.394,21,0
2012,Toronto,-2.0819499999999995,22,0.475,21,0.475,5,1.009,12,-3.3,22,0.349,23,0
2012,Golden State,-2.12635,23,0.505,4,0.496,23,1.055,27,-3.4,23,0.349,23,0
2012,New Orleans,-2.6955999999999993,24,0.476,19,0.485,11,1.015,15,-3.8,24,0.318,27,0
2012,Detroit,-3.7887499999999994,25,0.4679999999999999,28,0.5,24,1.026,21,-4.8,25,0.379,22,0
2012,Washington,-3.8630499999999994,26,0.472,25,0.492,21,1.025,19,-4.8,26,0.303,29,0
2012,Sacramento,-4.84695,27,0.472,26,0.515,30,1.059,29,-5.7,27,0.333,25,0
2012,Brooklyn,-5.19225,28,0.473,23,0.513,29,1.056,28,-6.0,28,0.333,25,0
2012,Cleveland,-6.6046,29,0.4629999999999999,29,0.508,27,1.049,26,-7.2,29,0.318,27,0
2012,Charlotte,-14.5662,30,0.439,30,0.512,28,1.065,30,-13.9,30,0.106,30,0
2013,Okla City,11.69955,1,0.521,5,0.469,2,0.991,4,8.3,1,0.699,3,0
2013,Miami,11.009249999999998,2,0.545,1,0.486,9,1.002,7,7.6,2,0.779,1,1
2013,San Antonio,9.8676,3,0.528,2,0.478,4,0.984,3,6.7,3,0.716,2,0
2013,LA Clippers,8.54405,4,0.524,3,0.492,10,1.006,9,5.6,4,0.659,6,0
2013,Denver,7.2879499999999995,5,0.513,7,0.497,15,1.017,11,4.5,5,0.671,4,0
2013,New York,6.6632,6,0.508,9,0.504,21,1.019,13,4.0,6,0.638,7,0
2013,Memphis,6.149299999999999,7,0.4679999999999999,29,0.478,3,0.971,2,3.6,7,0.66,5,0
2013,Indiana,5.7699,8,0.478,22,0.457,1,0.969,1,3.3,8,0.6,8,0
2013,Houston,5.1956999999999995,9,0.523,4,0.502,19,1.028,18,2.8,9,0.534,11,0
2013,Brooklyn,4.0656,10,0.496,14,0.502,20,1.024,17,1.8,10,0.584,9,0
2013,Golden State,2.9223999999999997,11,0.507,10,0.486,8,1.022,15,0.8,11,0.564,10,0
2013,LA Lakers,2.19125,12,0.51,8,0.497,16,1.034,21,0.2,12,0.523,14,0
2013,Atlanta,1.9435499999999999,13,0.514,6,0.493,12,1.013,10,0.0,13,0.523,15,0
2013,Utah,1.8171,14,0.492,15,0.501,18,1.031,19,-0.1,14,0.524,13,0
2013,Dallas,1.2447,15,0.506,11,0.492,11,1.033,20,-0.6,17,0.5,16,0
2013,Chicago,1.2124000000000001,16,0.47,28,0.48,5,1.002,8,-0.6,15,0.532,12,0
2013,Boston,1.1995,17,0.501,12,0.481,6,0.998,6,-0.6,16,0.494,17,0
2013,Toronto,0.08594999999999997,18,0.488,18,0.5,17,1.037,22,-1.5,18,0.415,19,0
2013,Milwaukee,-0.6049,19,0.476,24,0.494,13,1.018,12,-2.1,19,0.442,18,0
2013,Minnesota,-1.0461999999999998,20,0.473,27,0.511,24,1.019,14,-2.4,20,0.378,22,0
2013,Washington,-1.1814,21,0.475,25,0.483,7,0.997,5,-2.5,21,0.354,23,0
2013,Portland,-1.8603999999999998,22,0.498,13,0.512,26,1.057,26,-3.2,22,0.402,21,0
2013,Philadelphia,-2.00465,23,0.481,21,0.495,14,1.023,16,-3.3,23,0.415,19,0
2013,New Orleans,-2.760649999999999,24,0.489,17,0.52,28,1.064,28,-3.9,24,0.329,26,0
2013,Detroit,-2.856,25,0.487,19,0.505,22,1.045,24,-4.0,25,0.354,23,0
2013,Cleveland,-3.7578499999999995,26,0.473,26,0.523,29,1.054,25,-4.7,26,0.293,28,0
2013,Sacramento,-3.8766999999999996,27,0.491,16,0.517,27,1.074,29,-4.9,27,0.342,25,0
2013,Phoenix,-5.8077499999999995,28,0.477,23,0.512,25,1.045,23,-6.5,28,0.305,27,0
2013,Orlando,-6.422899999999999,29,0.485,20,0.508,23,1.057,27,-7.0,29,0.244,30,0
2013,Charlotte,-8.964899999999998,30,0.46,30,0.524,30,1.075,30,-9.2,30,0.256,29,0
2014,San Antonio,11.4157,1,0.539,2,0.484,4,0.999,3,8.0,1,0.74,1,1
2014,LA Clippers,9.375449999999999,2,0.524,5,0.489,6,1.02,10,6.3,2,0.663,4,0
2014,Okla City,7.88595,3,0.515,8,0.487,5,1.013,7,5.0,3,0.683,2,0
2014,Miami,7.21345,4,0.555,1,0.516,24,1.034,15,4.4,4,0.663,3,0
2014,Houston,7.0623,5,0.528,3,0.49,7,1.031,13,4.3,5,0.636,6,0
2014,Golden State,6.758849999999999,6,0.517,7,0.481,3,1.002,4,4.1,6,0.607,8,0
2014,Indiana,5.9543,7,0.492,18,0.466,1,0.97,1,3.4,7,0.654,5,0
2014,Toronto,5.32215,8,0.498,15,0.494,10,1.018,9,2.9,8,0.573,12,0
2014,Portland,5.316999999999999,9,0.501,14,0.491,8,1.043,19,2.8,9,0.634,7,0
2014,Phoenix,5.03195,10,0.519,6,0.496,12,1.032,14,2.6,11,0.585,10,0
2014,Minnesota,4.962899999999999,11,0.486,21,0.518,27,1.027,11,2.7,10,0.488,17,0
2014,Dallas,4.4678,12,0.524,4,0.517,25,1.056,24,2.1,12,0.584,11,0
2014,Chicago,3.63745,13,0.47,30,0.471,2,0.974,2,1.5,13,0.563,13,0
2014,Washington,3.3127999999999997,14,0.502,13,0.5,14,1.009,6,1.2,14,0.538,14,0
2014,Memphis,3.1451,15,0.49,19,0.496,11,1.013,8,1.0,15,0.596,9,0
2014,Atlanta,1.2952499999999998,16,0.511,10,0.509,18,1.029,12,-0.5,16,0.461,18,0
2014,Charlotte,1.0673,17,0.481,25,0.493,9,1.009,5,-0.7,17,0.5,16,0
2014,New York,0.9593499999999999,18,0.505,11,0.514,22,1.055,23,-0.8,18,0.451,19,0
2014,Brooklyn,0.81625,19,0.514,9,0.509,19,1.047,21,-1.0,19,0.521,15,0
2014,Denver,-0.5552500000000001,20,0.497,16,0.5,13,1.045,20,-2.1,20,0.439,20,0
2014,New Orleans,-1.2685499999999998,21,0.495,17,0.515,23,1.064,27,-2.7,21,0.415,21,0
2014,Sacramento,-1.6089999999999995,22,0.484,23,0.512,20,1.051,22,-2.9,22,0.342,24,0
2014,Cleveland,-2.0167999999999995,23,0.479,27,0.508,17,1.039,16,-3.3,23,0.402,22,0
2014,Detroit,-2.5155,24,0.482,24,0.52,29,1.06,25,-3.7,24,0.354,23,0
2014,Boston,-3.5071499999999998,25,0.477,28,0.505,16,1.039,17,-4.5,25,0.305,26,0
2014,Orlando,-4.55395,26,0.487,20,0.504,15,1.041,18,-5.4,26,0.281,28,0
2014,LA Lakers,-5.48265,27,0.505,12,0.513,21,1.072,28,-6.3,27,0.329,25,0
2014,Utah,-6.5699499999999995,28,0.484,22,0.518,26,1.077,29,-7.2,28,0.305,26,0
2014,Milwaukee,-7.866049999999998,29,0.479,26,0.52,28,1.079,30,-8.2,29,0.183,30,0
2014,Philadelphia,-10.4851,30,0.475,29,0.524,30,1.063,26,-10.5,30,0.232,29,0
2015,Golden State,13.3202,1,0.536,1,0.4679999999999999,1,0.98,1,9.6,1,0.804,1,1
2015,LA Clippers,8.796299999999999,2,0.53,2,0.495,15,1.023,17,5.8,2,0.656,5,0
2015,San Antonio,8.633,3,0.516,4,0.486,6,0.994,4,5.7,3,0.652,7,0
2015,Atlanta,7.3079,4,0.52,3,0.491,10,1.0,7,4.5,4,0.694,2,0
2015,Cleveland,7.28385,5,0.512,6,0.495,16,1.02,16,4.5,5,0.663,3,0
2015,Portland,6.172899999999999,6,0.505,9,0.476,3,1.008,11,3.6,6,0.598,8,0
2015,Chicago,5.5722,7,0.487,21,0.471,2,1.002,9,3.1,7,0.596,9,0
2015,Memphis,5.1394,8,0.485,22,0.493,13,0.992,3,2.7,8,0.656,6,0
2015,Dallas,4.9039,9,0.513,5,0.504,22,1.034,21,2.5,9,0.586,10,0
2015,Houston,4.84995,10,0.511,7,0.491,11,1.008,10,2.4,10,0.657,4,0
2015,Toronto,4.652699999999999,11,0.506,8,0.508,26,1.042,24,2.3,11,0.57,11,0
2015,Okla City,4.48835,12,0.492,17,0.489,9,1.018,15,2.2,12,0.549,13,0
2015,Washington,3.2310499999999998,13,0.499,13,0.48,5,0.995,5,1.1,13,0.565,12,0
2015,New Orleans,2.41965,14,0.5,11,0.497,17,1.042,23,0.4,14,0.523,14,0
2015,Indiana,2.18335,15,0.484,23,0.478,4,0.999,6,0.3,15,0.463,18,0
2015,Utah,2.08295,16,0.494,14,0.491,12,1.013,13,0.2,16,0.463,18,0
2015,Boston,1.4982499999999999,17,0.487,20,0.494,14,1.013,14,-0.3,17,0.465,17,0
2015,Milwaukee,1.3953499999999999,18,0.493,16,0.488,8,0.99,2,-0.4,18,0.489,15,0
2015,Phoenix,0.8536,19,0.501,10,0.497,18,1.028,18,-0.9,19,0.476,16,0
2015,Detroit,0.6121999999999999,20,0.482,24,0.502,20,1.029,19,-1.0,20,0.39,23,0
2015,Miami,-1.13705,21,0.5,12,0.505,23,1.031,20,-2.6,21,0.451,21,0
2015,Brooklyn,-1.7076500000000001,22,0.49,18,0.506,24,1.041,22,-3.1,22,0.455,20,0
2015,Charlotte,-1.9522999999999997,23,0.456,30,0.487,7,1.002,8,-3.2,23,0.402,22,0
2015,Denver,-2.2768999999999995,24,0.479,25,0.504,21,1.044,25,-3.5,24,0.366,24,0
2015,Sacramento,-2.4981,25,0.49,19,0.507,25,1.054,27,-3.7,25,0.354,25,0
2015,Orlando,-4.868449999999999,26,0.494,15,0.514,28,1.046,26,-5.7,26,0.305,26,0
2015,LA Lakers,-6.188599999999999,27,0.473,26,0.518,29,1.07,29,-6.8,27,0.256,27,0
2015,Minnesota,-8.570649999999999,28,0.4679999999999999,28,0.537,30,1.083,30,-8.8,28,0.195,30,0
2015,Philadelphia,-8.827,29,0.4589999999999999,29,0.497,19,1.012,12,-9.0,29,0.22,28,0
2015,New York,-9.12675,30,0.47,27,0.512,27,1.062,28,-9.3,30,0.207,29,0
2016,San Antonio,14.300099999999999,1,0.525,3,0.476,1,0.964,1,10.5,1,0.794,2,0
2016,Golden State,13.053700000000001,2,0.555,1,0.479,2,1.01,8,9.3,2,0.83,1,0
2016,Okla City,10.0596,3,0.52,4,0.487,9,1.02,12,6.9,3,0.66,4,0
2016,Cleveland,9.644649999999999,4,0.528,2,0.499,13,1.015,9,6.5,4,0.709,3,1
2016,LA Clippers,6.789549999999999,5,0.52,5,0.48,3,1.006,6,4.1,5,0.625,6,0
2016,Atlanta,5.53735,6,0.514,6,0.48,4,0.986,2,3.1,6,0.565,10,0
2016,Toronto,5.28405,7,0.496,20,0.501,14,1.02,11,2.8,7,0.647,5,0
2016,Boston,4.8232,8,0.485,27,0.487,8,0.998,4,2.5,8,0.568,9,0
2016,Miami,4.18425,9,0.507,11,0.481,5,1.007,7,1.9,9,0.573,8,0
2016,Charlotte,4.046049999999999,10,0.496,19,0.498,12,1.015,10,1.8,10,0.573,7,0
2016,Utah,3.9461999999999997,11,0.501,12,0.495,11,1.006,5,1.8,11,0.488,18,0
2016,Indiana,3.88405,12,0.497,18,0.485,6,0.996,3,1.7,12,0.539,11,0
2016,Portland,2.43325,13,0.508,10,0.504,15,1.048,21,0.4,13,0.527,12,0
2016,Detroit,2.1383,14,0.493,21,0.506,16,1.027,14,0.2,14,0.512,14,0
2016,Washington,1.3302999999999998,15,0.511,8,0.515,21,1.027,13,-0.5,15,0.5,15,0
2016,Houston,0.8731499999999999,16,0.511,7,0.518,23,1.047,20,-0.9,16,0.483,19,0
2016,Dallas,0.42690000000000017,17,0.501,13,0.506,17,1.046,19,-1.3,17,0.494,16,0
2016,Chicago,0.20520000000000027,18,0.487,25,0.485,7,1.03,15,-1.5,18,0.512,13,0
2016,Orlando,-0.017749999999999988,19,0.5,14,0.513,20,1.036,16,-1.6,19,0.427,20,0
2016,Sacramento,-1.0595999999999999,20,0.51,9,0.521,25,1.051,22,-2.5,20,0.402,21,0
2016,New York,-1.3093,21,0.483,28,0.487,10,1.04,17,-2.7,21,0.39,24,0
2016,Denver,-1.7662999999999998,22,0.489,23,0.515,22,1.052,24,-3.1,22,0.402,21,0
2016,Memphis,-1.8154999999999997,23,0.474,29,0.52,24,1.045,18,-3.2,23,0.488,17,0
2016,Minnesota,-2.2645999999999993,24,0.498,16,0.524,29,1.065,28,-3.5,24,0.354,26,0
2016,New Orleans,-2.5971999999999995,25,0.498,17,0.523,26,1.063,27,-3.8,25,0.366,25,0
2016,Milwaukee,-3.0133,26,0.499,15,0.51,19,1.052,23,-4.2,26,0.402,21,0
2016,Phoenix,-6.052249999999999,27,0.487,24,0.523,28,1.056,25,-6.7,27,0.281,27,0
2016,Brooklyn,-6.8659,28,0.492,22,0.534,30,1.077,29,-7.4,28,0.256,28,0
2016,LA Lakers,-9.47485,29,0.46,30,0.523,27,1.079,30,-9.6,29,0.207,29,0
2016,Philadelphia,-10.2419,30,0.487,26,0.51,18,1.058,26,-10.2,30,0.122,30,0
2017,Golden State,16.168999999999997,1,0.564,1,0.486,1,1.009,1,12.0,1,0.838,1,1
2017,San Antonio,9.2881,2,0.522,10,0.5,4,1.017,2,6.2,2,0.704,2,0
2017,Houston,8.134699999999999,3,0.541,3,0.517,21,1.055,15,5.2,3,0.656,3,0
2017,Cleveland,6.7728,4,0.5529999999999999,2,0.517,20,1.072,22,4.0,4,0.64,4,0
2017,LA Clippers,6.582949999999999,5,0.536,4,0.508,7,1.051,12,3.9,5,0.607,6,0
2017,Toronto,5.616,6,0.514,14,0.51,11,1.045,11,3.1,6,0.598,7,0
2017,Utah,5.385949999999999,7,0.525,8,0.497,3,1.029,4,2.9,7,0.591,8,0
2017,Boston,3.95,8,0.526,6,0.508,6,1.058,18,1.6,8,0.62,5,0
2017,Washington,3.8977,9,0.525,9,0.524,24,1.06,20,1.6,9,0.59,9,0
2017,Miami,3.2020999999999997,10,0.512,15,0.496,2,1.033,5,1.1,10,0.5,13,0
2017,Denver,2.5534,11,0.53,5,0.532,28,1.092,29,0.5,11,0.488,17,0
2017,Okla City,2.205,12,0.499,24,0.511,14,1.042,8,0.2,12,0.552,10,0
2017,Charlotte,2.0786499999999997,13,0.501,23,0.523,23,1.054,13,0.2,13,0.439,20,0
2017,Memphis,1.8068499999999998,14,0.492,27,0.509,8,1.042,9,-0.1,15,0.511,11,0
2017,Chicago,1.7716499999999997,15,0.487,30,0.509,9,1.039,6,-0.1,14,0.489,15,0
2017,Milwaukee,1.7286000000000001,16,0.526,7,0.517,19,1.056,16,-0.2,16,0.5,13,0
2017,Indiana,1.4790999999999999,17,0.516,12,0.515,17,1.059,19,-0.4,17,0.488,16,0
2017,Atlanta,0.8815500000000002,18,0.503,20,0.506,5,1.025,3,-0.9,18,0.511,11,0
2017,Detroit,0.5781499999999999,19,0.492,28,0.516,18,1.041,7,-1.1,20,0.451,19,0
2017,Minnesota,0.5475000000000001,20,0.511,16,0.535,29,1.082,27,-1.1,19,0.378,24,0
2017,Portland,0.4569500000000002,21,0.517,11,0.511,12,1.074,24,-1.3,21,0.477,18,0
2017,New Orleans,-0.5865499999999999,22,0.504,19,0.509,10,1.044,10,-2.1,22,0.415,21,0
2017,Dallas,-1.5260999999999993,23,0.505,18,0.529,27,1.058,17,-2.9,23,0.402,22,0
2017,New York,-2.4382,24,0.496,25,0.511,13,1.077,25,-3.7,24,0.378,24,0
2017,Sacramento,-2.6481999999999997,25,0.516,13,0.528,26,1.079,26,-3.9,25,0.39,23,0
2017,Phoenix,-4.733549999999999,26,0.493,26,0.525,25,1.083,28,-5.6,26,0.293,29,0
2017,Philadelphia,-4.8046999999999995,27,0.501,21,0.512,15,1.054,14,-5.7,27,0.342,27,0
2017,Orlando,-5.831399999999999,28,0.489,29,0.523,22,1.071,21,-6.6,28,0.354,26,0
2017,Brooklyn,-6.0367,29,0.507,17,0.513,16,1.073,23,-6.7,29,0.244,30,0
2017,LA Lakers,-6.196149999999999,30,0.501,22,0.542,30,1.095,30,-6.9,30,0.317,28,0
2018,Houston,10.645,1,0.544,2,0.523,14,1.032,5,7.3,1,0.768,1,0
2018,Golden State,10.070599999999999,2,0.564,1,0.5,3,1.037,9,6.8,2,0.718,2,1
2018,Toronto,9.65035,3,0.539,5,0.505,4,1.036,7,6.5,3,0.685,3,0
2018,Philadelphia,7.1408,4,0.531,8,0.494,1,1.018,3,4.4,4,0.62,5,0
2018,Utah,6.021399999999999,5,0.526,10,0.506,5,1.013,1,3.5,5,0.57,9,0
2018,Boston,5.5383,6,0.514,16,0.499,2,1.014,2,3.0,6,0.654,4,0
2018,Okla City,5.321899999999999,7,0.513,19,0.525,18,1.037,10,2.9,7,0.568,11,0
2018,San Antonio,4.4886,8,0.505,26,0.509,8,1.022,4,2.2,8,0.552,13,0
2018,Portland,4.4221,9,0.511,23,0.507,6,1.036,6,2.1,9,0.57,10,0
2018,Indiana,3.97625,10,0.526,11,0.525,19,1.047,12,1.7,10,0.573,8,0
2018,Minnesota,3.8583,11,0.523,13,0.539,27,1.079,27,1.6,11,0.552,13,0
2018,Denver,3.7653499999999998,12,0.536,6,0.539,28,1.076,25,1.5,12,0.561,12,0
2018,New Orleans,3.3356,13,0.54,3,0.513,9,1.053,14,1.1,13,0.582,7,0
2018,Cleveland,2.5583,14,0.54,4,0.5379999999999999,26,1.085,29,0.4,15,0.596,6,0
2018,Washington,2.42165,15,0.524,12,0.523,15,1.056,15,0.4,14,0.511,18,0
2018,Charlotte,2.19905,16,0.508,25,0.532,23,1.06,16,0.3,16,0.439,20,0
2018,LA Clippers,1.9856,17,0.527,9,0.52,12,1.068,19,0.0,17,0.512,17,0
2018,Detroit,1.7725999999999997,18,0.512,20,0.524,16,1.042,11,-0.1,18,0.476,19,0
2018,Miami,1.7257500000000001,19,0.519,14,0.507,7,1.036,8,-0.2,19,0.517,16,0
2018,Milwaukee,1.6576999999999997,20,0.5329999999999999,7,0.526,20,1.067,18,-0.3,20,0.528,15,0
2018,LA Lakers,0.13205000000000006,21,0.517,15,0.514,10,1.048,13,-1.5,21,0.427,21,0
2018,Dallas,-1.7500499999999994,22,0.513,18,0.532,22,1.066,17,-3.0,22,0.293,27,0
2018,New York,-2.3536999999999995,23,0.51,24,0.522,13,1.072,21,-3.6,23,0.354,22,0
2018,Brooklyn,-2.4690999999999996,24,0.514,17,0.517,11,1.074,23,-3.7,24,0.342,23,0
2018,Orlando,-3.7951499999999996,25,0.512,21,0.525,17,1.069,20,-4.8,25,0.305,26,0
2018,Atlanta,-4.623249999999999,26,0.512,22,0.536,25,1.072,22,-5.5,26,0.293,27,0
2018,Memphis,-5.4604,27,0.5,28,0.529,21,1.074,24,-6.2,27,0.268,29,0
2018,Sacramento,-6.3169499999999985,28,0.502,27,0.542,30,1.079,26,-7.0,28,0.329,24,0
2018,Chicago,-6.322949999999999,29,0.497,29,0.542,29,1.079,28,-7.0,29,0.329,24,0
2018,Phoenix,-9.140299999999998,30,0.495,30,0.5329999999999999,24,1.093,30,-9.4,30,0.256,30,0
2019,Milwaukee,12.446399999999999,1,0.546,2,0.499,1,1.019,1,8.9,1,0.722,1,0
2019,Toronto,8.969,2,0.537,4,0.505,2,1.033,4,5.9,2,0.698,2,1
2019,Golden State,8.90245,3,0.561,1,0.51,6,1.066,16,5.8,3,0.683,3,0
2019,Houston,7.4277,4,0.541,3,0.522,17,1.066,15,4.6,4,0.634,5,0
2019,Utah,7.098999999999999,5,0.5329999999999999,5,0.508,3,1.027,2,4.4,5,0.586,9,0
2019,Boston,6.54315,6,0.53,8,0.512,7,1.042,6,3.9,6,0.593,8,0
2019,Denver,6.252949999999999,7,0.522,16,0.517,12,1.059,10,3.6,7,0.635,4,0
2019,Portland,5.914599999999999,8,0.524,15,0.514,8,1.071,17,3.3,8,0.622,6,0
2019,Okla City,5.336149999999999,9,0.514,24,0.523,18,1.039,5,2.9,9,0.575,10,0
2019,Philadelphia,5.21905,10,0.53,9,0.509,4,1.061,11,2.7,11,0.617,7,0
2019,Indiana,5.2177999999999995,11,0.527,13,0.516,11,1.033,3,2.8,10,0.558,13,0
2019,San Antonio,3.6828499999999997,12,0.532,6,0.527,19,1.083,20,1.4,12,0.573,11,0
2019,LA Clippers,2.1908,13,0.527,11,0.518,14,1.086,21,0.1,13,0.568,12,0
2019,Orlando,1.7021000000000002,14,0.514,21,0.517,13,1.052,8,-0.2,14,0.494,14,0
2019,Miami,1.678,15,0.515,20,0.51,5,1.042,7,-0.2,15,0.476,17,0
2019,Brooklyn,1.1512,16,0.517,19,0.514,9,1.065,14,-0.7,16,0.494,14,0
2019,Sacramento,0.6782000000000002,17,0.524,14,0.5329999999999999,22,1.082,19,-1.1,18,0.476,17,0
2019,Charlotte,0.6706000000000004,18,0.514,23,0.5379999999999999,24,1.09,22,-1.1,17,0.476,17,0
2019,Detroit,0.40784999999999993,19,0.505,27,0.528,20,1.063,13,-1.3,21,0.477,16,0
2019,New Orleans,0.3846000000000002,20,0.529,10,0.532,21,1.093,24,-1.3,20,0.402,22,0
2019,Dallas,0.35730000000000034,21,0.519,18,0.522,16,1.072,18,-1.3,19,0.402,22,0
2019,Minnesota,0.16705000000000036,22,0.511,25,0.5379999999999999,25,1.092,23,-1.5,22,0.439,21,0
2019,LA Lakers,-0.04125000000000001,23,0.527,12,0.516,10,1.063,12,-1.7,23,0.451,20,0
2019,Memphis,-1.1717999999999997,24,0.508,26,0.521,15,1.055,9,-2.6,24,0.402,22,0
2019,Washington,-1.4679999999999995,25,0.531,7,0.546,29,1.105,28,-2.9,25,0.39,25,0
2019,Atlanta,-5.083099999999999,26,0.522,17,0.541,27,1.102,27,-6.0,26,0.354,26,0
2019,Chicago,-7.9637,27,0.505,28,0.541,26,1.101,25,-8.4,27,0.268,27,0
2019,New York,-8.962249999999997,28,0.49,30,0.5329999999999999,23,1.101,26,-9.2,28,0.207,30,0
2019,Phoenix,-9.0172,29,0.514,22,0.545,28,1.114,29,-9.3,29,0.232,28,0
2019,Cleveland,-9.3631,30,0.503,29,0.564,30,1.141,30,-9.6,30,0.232,28,0
2020,Milwaukee,15.302249999999999,1,0.5529999999999999,1,0.486,1,0.992,1,11.3,1,0.815,1,0
2020,LA Lakers,10.7827,2,0.5479999999999999,4,0.509,5,1.024,3,7.4,2,0.778,2,1
2020,Toronto,9.667349999999999,3,0.536,8,0.502,2,1.019,2,6.5,4,0.719,3,0
2020,LA Clippers,9.6504,4,0.532,11,0.503,3,1.038,5,6.5,3,0.688,4,0
2020,Boston,9.2685,5,0.529,19,0.51,6,1.033,4,6.2,5,0.672,5,0
2020,Dallas,9.01625,6,0.5479999999999999,5,0.519,9,1.073,17,6.0,6,0.597,13,0
2020,Houston,6.487749999999999,7,0.539,6,0.528,16,1.066,15,3.8,7,0.625,9,0
2020,Utah,5.84335,8,0.552,2,0.514,8,1.062,13,3.2,9,0.641,7,0
2020,Miami,5.817349999999999,9,0.5489999999999999,3,0.522,13,1.061,12,3.2,8,0.631,8,0
2020,Denver,5.597799999999999,10,0.532,12,0.526,15,1.061,11,3.0,10,0.662,6,0
2020,Okla City,4.98725,11,0.534,9,0.52,10,1.059,10,2.5,11,0.625,9,0
2020,Philadelphia,4.593299999999999,12,0.53,14,0.522,12,1.049,6,2.2,12,0.6,11,0
2020,Indiana,4.2653,13,0.5329999999999999,10,0.513,7,1.051,7,1.9,13,0.6,11,0
2020,Brooklyn,1.22655,14,0.515,24,0.507,4,1.052,8,-0.6,14,0.469,15,0
2020,New Orleans,0.9973999999999998,15,0.5379999999999999,7,0.531,17,1.081,18,-0.8,15,0.438,18,0
2020,Orlando,0.7183000000000003,16,0.503,28,0.535,18,1.058,9,-1.0,16,0.462,16,0
2020,Memphis,0.7051000000000002,17,0.53,15,0.52,11,1.071,16,-1.1,17,0.492,14,0
2020,Phoenix,0.24120000000000053,18,0.528,21,0.5429999999999999,24,1.084,20,-1.4,18,0.4,21,0
2020,Portland,0.10845000000000027,19,0.53,16,0.523,14,1.104,26,-1.6,19,0.439,17,0
2020,San Antonio,-0.15574999999999972,20,0.529,17,0.542,23,1.105,27,-1.8,20,0.429,20,0
2020,Sacramento,-0.28549999999999964,21,0.531,13,0.54,19,1.082,19,-1.9,21,0.438,18,0
2020,Chicago,-1.82785,22,0.515,23,0.546,26,1.065,14,-3.1,22,0.339,24,0
2020,Detroit,-2.3863499999999993,23,0.529,18,0.541,22,1.092,22,-3.6,23,0.303,26,0
2020,Washington,-2.7498499999999995,24,0.528,20,0.56,30,1.121,29,-4.0,24,0.375,22,0
2020,Minnesota,-3.2227499999999996,25,0.514,26,0.541,21,1.087,21,-4.3,25,0.297,28,0
2020,New York,-5.735099999999999,26,0.501,29,0.541,20,1.094,23,-6.5,26,0.318,25,0
2020,Charlotte,-6.034599999999999,27,0.504,27,0.546,27,1.099,24,-6.8,27,0.354,23,0
2020,Cleveland,-7.3374999999999995,28,0.522,22,0.56,29,1.121,30,-7.9,28,0.292,29,0
2020,Atlanta,-7.445449999999999,29,0.515,25,0.5429999999999999,25,1.111,28,-8.0,29,0.299,27,0
2020,Golden State,-8.372649999999998,30,0.497,30,0.5529999999999999,28,1.103,25,-8.7,30,0.231,30,0
2021,Utah,11.338449999999998,1,0.565,2,0.514,2,1.068,4,7.9,1,0.699,2,0
2021,LA Clippers,9.195649999999999,2,0.565,3,0.532,9,1.087,10,6.1,2,0.633,6,0
2021,Philadelphia,8.94055,3,0.544,11,0.519,3,1.045,2,5.9,3,0.667,3,0
2021,Phoenix,8.92715,4,0.56,4,0.528,8,1.076,7,5.8,5,0.713,1,0
2021,Milwaukee,8.8355,5,0.557,5,0.532,11,1.073,6,5.8,4,0.644,5,1
2021,Brooklyn,7.75465,6,0.5720000000000001,1,0.527,6,1.098,19,4.8,6,0.655,4,0
2021,Denver,6.4063,7,0.5539999999999999,6,0.5489999999999999,24,1.1,21,3.7,7,0.622,7,0
2021,LA Lakers,4.4311,8,0.531,19,0.526,5,1.042,1,2.1,8,0.57,9,0
2021,Atlanta,4.1662,9,0.535,17,0.527,7,1.092,15,1.8,9,0.58,8,0
2021,New York,3.9612,10,0.52,25,0.51,1,1.051,3,1.7,10,0.546,12,0
2021,Portland,3.9502999999999995,11,0.542,13,0.547,21,1.129,29,1.6,12,0.564,11,0
2021,Dallas,3.9425999999999997,12,0.5479999999999999,9,0.537,13,1.103,22,1.6,11,0.57,9,0
2021,Golden State,3.0654500000000002,13,0.55,7,0.52,4,1.068,5,0.9,13,0.527,13,0
2021,Boston,3.0199499999999997,14,0.54,15,0.541,17,1.097,17,0.9,14,0.487,16,0
2021,Memphis,2.5677499999999998,15,0.526,22,0.536,12,1.083,8,0.5,15,0.519,15,0
2021,Indiana,1.97545,16,0.5429999999999999,12,0.532,10,1.091,13,0.0,16,0.473,17,0
2021,New Orleans,1.5702500000000001,17,0.537,16,0.55,25,1.104,23,-0.3,17,0.431,21,0
2021,Toronto,1.2551500000000002,18,0.529,20,0.5429999999999999,20,1.089,11,-0.5,18,0.375,24,0
2021,Chicago,0.8884500000000004,19,0.547,10,0.5379999999999999,14,1.09,12,-0.9,19,0.431,21,0
2021,Miami,0.7466,20,0.541,14,0.542,19,1.083,9,-1.1,20,0.526,14,0
2021,San Antonio,-0.15669999999999995,21,0.515,27,0.54,16,1.095,16,-1.8,21,0.452,19,0
2021,Charlotte,-0.7217999999999994,22,0.532,18,0.552,26,1.098,18,-2.3,22,0.452,19,0
2021,Washington,-0.8175999999999997,23,0.529,21,0.539,15,1.1,20,-2.4,23,0.456,18,0
2021,Sacramento,-2.28955,24,0.5489999999999999,8,0.557,30,1.138,30,-3.7,24,0.431,21,0
2021,Detroit,-3.4620999999999995,25,0.519,26,0.541,18,1.092,14,-4.5,25,0.278,29,0
2021,Minnesota,-4.669449999999999,26,0.52,24,0.556,28,1.113,27,-5.6,26,0.319,25,0
2021,Houston,-7.403599999999999,27,0.521,23,0.555,27,1.116,28,-7.9,27,0.236,30,0
2021,Cleveland,-7.9227,28,0.508,29,0.556,29,1.11,25,-8.4,28,0.306,26,0
2021,Orlando,-8.9807,29,0.49,30,0.547,23,1.113,26,-9.3,29,0.292,28,0
2021,Okla City,-10.4407,30,0.509,28,0.547,22,1.11,24,-10.6,30,0.306,26,0
2022,Phoenix,9.51615,1,0.55,4,0.514,3,1.053,5,6.3,2,0.747,1,0
2022,Boston,9.458549999999999,2,0.54,10,0.501,1,1.036,1,6.4,1,0.613,6,0
2022,Golden State,8.3786,3,0.5539999999999999,2,0.512,2,1.042,2,5.4,3,0.664,2,1
2022,Memphis,8.218,4,0.521,23,0.524,11,1.052,3,5.3,4,0.66,3,0
2022,Utah,8.076699999999999,5,0.551,3,0.522,7,1.073,10,5.2,5,0.58,9,0
2022,Miami,7.068999999999999,6,0.54,9,0.523,10,1.052,4,4.3,6,0.64,4,0
2022,Milwaukee,5.681649999999999,7,0.54,8,0.532,14,1.075,12,3.1,7,0.617,5,0
2022,Dallas,5.3317,8,0.54,11,0.524,12,1.07,9,2.8,8,0.61,7,0
2022,Philadelphia,4.757499999999999,9,0.536,16,0.522,8,1.076,13,2.3,9,0.606,8,0
2022,Minnesota,4.45745,10,0.5379999999999999,12,0.534,18,1.08,14,2.1,10,0.551,12,0
2022,Cleveland,4.1913,11,0.537,13,0.521,5,1.065,6,1.9,11,0.524,14,0
2022,Denver,4.04275,12,0.555,1,0.541,22,1.095,19,1.7,12,0.563,11,0
2022,Toronto,3.8558,13,0.51,27,0.5379999999999999,19,1.074,11,1.6,13,0.568,10,0
2022,Atlanta,3.42015,14,0.542,6,0.542,24,1.112,26,1.2,14,0.517,17,0
2022,Brooklyn,2.72945,15,0.542,7,0.522,9,1.093,17,0.6,15,0.517,16,0
2022,Charlotte,2.1448,16,0.5429999999999999,5,0.545,25,1.105,24,0.1,16,0.518,15,0
2022,San Antonio,1.8813000000000004,17,0.527,21,0.5329999999999999,16,1.09,15,0.0,17,0.41,22,0
2022,LA Clippers,1.8689,18,0.53,20,0.514,4,1.069,7,-0.1,18,0.5,18,0
2022,New York,1.7850500000000002,19,0.513,26,0.521,6,1.07,8,-0.1,19,0.451,19,0
2022,New Orleans,0.9819,20,0.518,24,0.547,26,1.097,20,-0.8,20,0.444,20,0
2022,Chicago,0.6688000000000002,21,0.537,15,0.541,23,1.102,23,-1.2,21,0.54,13,0
2022,LA Lakers,-1.5612999999999997,22,0.537,14,0.54,20,1.1,21,-3.0,22,0.402,23,0
2022,Washington,-1.9710499999999997,23,0.532,18,0.529,13,1.111,25,-3.4,23,0.427,21,0
2022,Indiana,-2.2382499999999994,24,0.531,19,0.552,28,1.124,28,-3.5,24,0.305,26,0
2022,Sacramento,-4.480599999999999,25,0.525,22,0.551,27,1.119,27,-5.5,25,0.366,24,0
2022,Detroit,-7.156949999999998,26,0.494,30,0.541,21,1.101,22,-7.7,26,0.281,28,0
2022,Orlando,-7.5081999999999995,27,0.502,28,0.532,15,1.092,16,-8.0,27,0.268,29,0
2022,Okla City,-7.59775,28,0.497,29,0.5329999999999999,17,1.095,18,-8.1,28,0.293,27,0
2022,Houston,-8.048099999999998,29,0.534,17,0.5539999999999999,29,1.131,29,-8.5,29,0.244,30,0
2022,Portland,-8.43785,30,0.515,25,0.5589999999999999,30,1.132,30,-8.9,30,0.329,25,0
2023,Boston,9.00825,1,0.565,4,0.528,3,1.086,3,5.9,1,0.667,3,0
2023,Cleveland,7.6251,2,0.5539999999999999,10,0.532,6,1.07,1,4.8,2,0.598,6,0
2023,Denver,7.193249999999999,3,0.57,1,0.5379999999999999,10,1.101,11,4.3,3,0.677,2,1
2023,Philadelphia,6.3385,4,0.556,8,0.541,13,1.097,8,3.6,4,0.656,4,0
2023,Milwaukee,5.7977,5,0.555,9,0.525,1,1.09,4,3.1,6,0.678,1,0
2023,Memphis,5.7806,6,0.535,22,0.526,2,1.075,2,3.2,5,0.602,5,0
2023,New York,5.0817,7,0.535,21,0.532,7,1.102,14,2.6,7,0.57,8,0
2023,Sacramento,4.7776499999999995,8,0.565,3,0.56,26,1.129,24,2.3,8,0.573,7,0
2023,New Orleans,4.0715,9,0.5429999999999999,17,0.5429999999999999,16,1.092,6,1.8,9,0.506,15,0
2023,Phoenix,3.9037,10,0.537,20,0.5329999999999999,8,1.099,10,1.6,10,0.548,9,0
2023,Golden State,3.7987,11,0.564,5,0.536,9,1.104,15,1.5,11,0.526,11,0
2023,Toronto,3.5543,12,0.517,28,0.564,29,1.102,12,1.4,12,0.494,18,0
2023,Chicago,3.3666,13,0.5489999999999999,13,0.542,15,1.09,5,1.2,13,0.488,19,0
2023,LA Lakers,3.07575,14,0.54,19,0.532,5,1.098,9,0.9,14,0.525,12,0
2023,Okla City,2.8986,15,0.53,24,0.547,19,1.106,16,0.8,15,0.488,19,0
2023,Brooklyn,2.42155,16,0.56,6,0.53,4,1.107,18,0.3,16,0.523,13,0
2023,LA Clippers,2.16625,17,0.55,11,0.544,17,1.115,19,0.1,17,0.517,14,0
2023,Dallas,2.13695,18,0.565,2,0.5489999999999999,20,1.131,25,0.1,19,0.463,21,0
2023,Miami,2.1318,19,0.529,25,0.5539999999999999,22,1.095,7,0.1,18,0.542,10,0
2023,Atlanta,2.019,20,0.54,18,0.5539999999999999,24,1.129,23,0.0,20,0.494,16,0
2023,Minnesota,1.6784999999999999,21,0.5579999999999999,7,0.539,11,1.102,13,-0.3,21,0.494,16,0
2023,Utah,0.9572499999999999,22,0.547,15,0.541,14,1.128,22,-0.9,22,0.451,22,0
2023,Washington,0.5803500000000001,23,0.55,12,0.54,12,1.121,21,-1.2,23,0.427,23,0
2023,Orlando,-1.0965499999999997,24,0.532,23,0.55,21,1.106,17,-2.6,24,0.415,25,0
2023,Indiana,-1.7216499999999997,25,0.545,16,0.5539999999999999,23,1.137,26,-3.2,25,0.427,23,0
2023,Portland,-2.6594999999999995,26,0.5489999999999999,14,0.563,27,1.15,28,-4.0,26,0.402,26,0
2023,Charlotte,-5.33315,27,0.516,29,0.544,18,1.117,20,-6.2,27,0.329,27,0
2023,Houston,-7.338099999999999,28,0.516,30,0.564,28,1.151,29,-7.9,28,0.268,28,0
2023,Detroit,-7.742649999999998,29,0.52,27,0.557,25,1.149,27,-8.2,29,0.207,30,0
2023,San Antonio,-9.7398,30,0.525,26,0.5760000000000001,30,1.164,30,-10.0,30,0.268,28,0
2024,Boston,15.850949999999997,1,0.578,1,0.522,2,1.081,3,11.7,1,0.803,1,0
2024,Okla City,10.7811,2,0.573,4,0.531,6,1.089,5,7.4,2,0.7,3,0
2024,Minnesota,9.807699999999999,3,0.5579999999999999,12,0.513,1,1.054,1,6.6,3,0.69,4,0
2024,New Orleans,8.255,4,0.56,11,0.535,7,1.09,6,5.3,4,0.62,7,0
2024,Denver,7.4544,5,0.56,10,0.529,4,1.102,10,4.5,5,0.704,2,0
2024,New York,6.6998999999999995,6,0.534,21,0.541,11,1.091,7,4.0,6,0.6,9,0
2024,LA Clippers,6.57945,7,0.5670000000000001,5,0.5429999999999999,13,1.121,14,3.8,7,0.629,6,0
2024,Milwaukee,6.5023,8,0.573,3,0.54,9,1.125,18,3.7,8,0.648,5,0
2024,Cleveland,5.706,9,0.555,13,0.527,3,1.085,4,3.1,9,0.606,8,0
2024,Phoenix,5.615,10,0.5670000000000001,6,0.537,8,1.114,13,3.0,10,0.592,10,0
2024,Philadelphia,4.69975,11,0.529,27,0.541,10,1.106,12,2.3,11,0.549,15,0
2024,Orlando,4.4972,12,0.5429999999999999,15,0.5429999999999999,12,1.078,2,2.1,12,0.592,10,0
2024,Indiana,4.324199999999999,13,0.575,2,0.5589999999999999,22,1.146,25,1.9,13,0.548,17,0
2024,Dallas,3.9962,14,0.563,8,0.5529999999999999,19,1.131,21,1.6,14,0.586,12,0
2024,Houston,3.8358,15,0.531,24,0.53,5,1.092,8,1.6,14,0.5,19,0
2024,Golden State,3.7893,16,0.5529999999999999,14,0.5429999999999999,14,1.124,17,1.5,16,0.514,18,0
2024,Sacramento,3.745,17,0.56,9,0.5589999999999999,23,1.123,15,1.4,17,0.586,12,0
2024,Miami,2.8455500000000002,18,0.534,20,0.547,16,1.096,9,0.7,18,0.549,15,0
2024,LA Lakers,2.4672000000000005,19,0.5660000000000001,7,0.5479999999999999,17,1.124,16,0.3,19,0.556,14,0
2024,Atlanta,0.13274999999999992,20,0.5379999999999999,18,0.5720000000000001,30,1.157,26,-1.6,20,0.443,21,0
2024,Chicago,-0.08155000000000001,21,0.532,23,0.556,20,1.128,20,-1.8,21,0.479,20,0
2024,Brooklyn,-1.2346,22,0.532,22,0.545,15,1.127,19,-2.7,22,0.366,23,0
2024,Utah,-2.763949999999999,23,0.541,16,0.5670000000000001,28,1.163,29,-4.1,23,0.409,22,0
2024,Toronto,-3.9166000000000003,24,0.539,17,0.561,25,1.144,24,-5.0,24,0.324,25,0
2024,Memphis,-5.809399999999999,25,0.513,29,0.5479999999999999,18,1.103,11,-6.6,25,0.338,24,0
2024,San Antonio,-7.0524499999999986,26,0.53,26,0.562,26,1.141,23,-7.6,26,0.211,28,0
2024,Portland,-7.592499999999999,27,0.509,30,0.56,24,1.135,22,-8.1,27,0.268,26,0
2024,Detroit,-8.453949999999999,28,0.531,25,0.5579999999999999,21,1.157,27,-8.8,28,0.169,30,0
2024,Washington,-9.69225,29,0.537,19,0.5660000000000001,27,1.167,30,-9.9,29,0.183,29,0
2024,Charlotte,-10.342749999999999,30,0.524,28,0.57,29,1.16,28,-10.5,30,0.243,27,0
